user_ID, username, repo_count, Assembly, C, C++, C#, Dart, Go, Java, JavaScript, Kotlin, MATLAB, PHP, Python, Ruby, Rust, Scala, Swift, TypeScript
1001,sbecker,11,0,0,0,0,0,0.091,0,0.455,0,0,0,0,0.364,0,0,0,0.091
1004,adambair,9,0.111,0,0,0,0,0,0,0.222,0,0,0,0.111,0.556,0,0,0,0
1005,ernesto-jimenez,7,0,0,0,0,0,0.143,0,0.143,0,0,0,0,0.571,0,0,0,0.143
1006,aglasgall,8,0,0.25,0.125,0,0,0,0,0,0,0,0,0.25,0.25,0.125,0,0,0
1009,altano,9,0,0,0,0,0,0,0,0.222,0,0,0,0,0,0,0,0,0.778
1012,rwdaigle,5,0,0,0,0,0,0,0,0,0,0,0,0,1,0,0,0,0
1014,sunfmin,8,0,0,0,0,0,0.5,0,0.125,0,0,0.125,0.125,0.125,0,0,0,0
1016,amerine,5,0,0,0,0,0,0.6,0,0,0,0,0,0.2,0.2,0,0,0,0
1017,jjgod,13,0,0.538,0.154,0,0,0.077,0,0.154,0,0,0,0,0.077,0,0,0,0
1019,holin,6,0,0.167,0,0,0,0,0,0.167,0,0,0,0,0.333,0,0,0.167,0.167
1020,justinweiss,10,0,0,0,0,0,0,0,0,0,0,0,0,0.9,0.1,0,0,0
1022,mbleigh,7,0,0,0,0,0,0,0,0.571,0,0,0,0,0.429,0,0,0,0
1024,pstuteville,9,0,0,0,0,0,0,0.222,0.333,0,0,0,0,0.222,0,0,0,0.222
1031,jasonm,8,0,0,0,0,0,0.125,0,0.375,0,0,0.125,0,0.375,0,0,0,0
1033,cduhard,10,0,0,0,0.5,0,0,0,0.2,0,0,0,0.1,0.2,0,0,0,0
1034,matthewd,11,0,0,0,0,0,0.091,0,0,0,0,0,0.182,0.727,0,0,0,0
1035,mattman,7,0,0,0,0,0,0,0,0.286,0,0,0,0,0.714,0,0,0,0
1037,zmack,8,0,0,0,0,0,0,0,0.25,0,0,0,0,0.75,0,0,0,0
1039,nalin,8,0,0,0,0,0.125,0,0.125,0.125,0,0,0,0,0.625,0,0,0,0
1041,joao,10,0,0,0,0,0,0,0,0.5,0,0,0.1,0.1,0.3,0,0,0,0
1042,bloodearnest,8,0,0,0.125,0,0,0.125,0,0.375,0,0,0,0.25,0,0.125,0,0,0
1043,ealameda,16,0,0,0,0.313,0,0,0,0.313,0,0,0,0,0.375,0,0,0,0
1044,edbond,4,0,0,0,0,0,0.25,0,0,0,0,0,0,0.5,0.25,0,0,0
1048,arunthampi,12,0,0,0,0,0,0,0,0.583,0,0,0,0.083,0.333,0,0,0,0
1049,universal,9,0,0,0,0,0,0,0,0.222,0,0,0,0,0.778,0,0,0,0
1050,calavera,6,0,0,0.167,0,0,0.333,0,0,0,0,0,0.167,0.167,0.167,0,0,0
1051,elia,8,0,0.125,0,0,0,0,0,0.125,0,0,0,0,0.75,0,0,0,0
1052,joerichsen,9,0,0,0,0,0,0,0,0.111,0,0,0,0,0.889,0,0,0,0
1053,haraldmartin,6,0,0,0,0,0,0,0,0.5,0,0,0,0.167,0.167,0,0,0.167,0
1056,ludwig,3,0,0,1,0,0,0,0,0,0,0,0,0,0,0,0,0,0
1057,jkp,9,0,0.111,0,0,0,0,0.111,0,0,0,0,0.444,0.111,0,0,0,0.222
1060,andrew,8,0,0,0,0,0,0,0,0.625,0,0,0,0,0.375,0,0,0,0
1061,hmans,5,0,0.2,0,0,0,0,0,0.2,0,0,0,0,0.2,0,0,0,0.4
1062,aanand,7,0,0,0.143,0,0,0.143,0,0,0,0,0,0.286,0.286,0,0,0,0.143
1065,smn,11,0,0,0,0,0,0.091,0,0.182,0,0,0,0.727,0,0,0,0,0
1066,solnic,4,0,0,0,0,0,0,0,0.25,0,0,0,0,0.75,0,0,0,0
1070,stympy,8,0,0,0,0,0,0.125,0,0,0,0,0,0.25,0.625,0,0,0,0
1071,jspears,14,0,0,0,0,0,0,0,0.714,0,0,0.071,0.071,0,0,0,0,0.143
1072,mwise,7,0,0,0,0,0,0,0,0.143,0,0,0,0,0.714,0,0,0.143,0
1073,georgepalmer,7,0,0,0,0,0,0,0,0,0,0,0,0,1,0,0,0,0
1074,andregoncalves,3,0,0,0,0,0,0,0,1,0,0,0,0,0,0,0,0,0
1075,dchelimsky,9,0,0,0,0,0,0.111,0.111,0.222,0,0,0,0,0.556,0,0,0,0
1076,haguro,4,0,0.25,0,0,0,0.25,0,0.25,0,0,0,0,0.25,0,0,0,0
1077,pdlug,10,0,0,0,0,0,0,0,0,0,0,0,0,0.4,0.1,0,0,0.5
1078,fredix,7,0,0,0.571,0,0,0.286,0,0,0,0,0,0,0.143,0,0,0,0
1079,agibralter,11,0,0,0,0,0,0,0,0.182,0,0,0,0,0.818,0,0,0,0
1080,frac,5,0,0.2,0,0,0,0,0,0,0,0,0,0.6,0.2,0,0,0,0
1081,ismasan,7,0,0,0,0,0,0.286,0,0.429,0,0,0,0,0.286,0,0,0,0
1082,dpickett,6,0,0,0,0,0,0,0,0,0,0,0,0,1,0,0,0,0
1083,maxterry,5,0,0,0,0,0,0,0,0.8,0,0,0,0.2,0,0,0,0,0
1084,fsvehla,5,0,0,0,0,0,0,0,0,0,0,0,0,0.6,0,0.4,0,0
1085,glasner,4,0,0,0,0,0,0,0,0.5,0,0,0,0,0.5,0,0,0,0
1087,jwilkins,13,0,0,0,0,0,0,0,0.308,0,0,0,0.231,0.385,0,0,0,0.077
1088,shingara,7,0,0,0,0,0,0,0,0,0,0,0,0,1,0,0,0,0
1089,sebastian,4,0,0.25,0,0,0,0,0,0.25,0,0,0,0,0.5,0,0,0,0
1090,michaelklishin,6,0,0,0,0,0,0,0.333,0,0,0,0,0,0.5,0.167,0,0,0
1091,yaanno,7,0,0,0,0,0,0.143,0,0.571,0,0,0,0,0.143,0,0,0,0.143
1092,slip,3,0,0,0,0,0,0,0,0.333,0,0,0.667,0,0,0,0,0,0
1093,jamie,6,0,0,0,0,0,0,0,0,0,0,0,0,1,0,0,0,0
1095,phsilva,7,0,0.286,0,0,0,0,0,0,0,0,0,0.429,0.143,0.143,0,0,0
1096,wmoxam,3,0,0,0,0,0,0,0,0.333,0,0,0.333,0,0.333,0,0,0,0
1097,quirkey,9,0,0.111,0,0,0,0,0,0.333,0,0,0,0,0.556,0,0,0,0
1099,shillcock,8,0,0,0.375,0,0,0,0,0.25,0,0,0,0,0.25,0,0,0,0.125
1101,sandropaganotti-zz,5,0,0.2,0,0,0,0,0,0.6,0,0,0,0,0.2,0,0,0,0
1102,sudothinker,5,0,0,0,0,0,0,0,0.2,0,0,0,0,0.8,0,0,0,0
1103,infovore,7,0,0,0.286,0,0,0,0,0,0,0,0,0.143,0.571,0,0,0,0
1104,mateusdelbianco,4,0,0,0,0,0,0,0,0.25,0,0,0.25,0,0.5,0,0,0,0
1106,robhudson,6,0,0,0,0,0,0,0,0.167,0,0,0,0.833,0,0,0,0,0
1107,tolbrino,3,0,0,0,0,0,0,0,0.333,0,0,0.333,0,0.333,0,0,0,0
1108,juggy,9,0,0,0,0,0,0,0,0.667,0,0,0,0,0.333,0,0,0,0
1110,djwhitt,4,0,0,0,0,0,0,0,0.75,0,0,0,0,0,0,0,0,0.25
1111,patmaddox,6,0,0,0,0,0,0,0,0.167,0,0,0,0,0.833,0,0,0,0
1112,willnorris,3,0,0,0,0,0,1,0,0,0,0,0,0,0,0,0,0,0
1113,travis,6,0,0,0,0,0,0,0.333,0.333,0,0,0,0,0.333,0,0,0,0
1114,rickmzp,12,0,0.083,0,0,0,0,0.083,0.083,0,0,0.083,0,0.667,0,0,0,0
1115,fzero,13,0,0,0.077,0,0,0,0,0.462,0,0,0,0,0.462,0,0,0,0
1116,mm53bar,8,0,0,0,0,0,0,0,0.25,0,0,0,0.125,0.625,0,0,0,0
1118,treybean,5,0,0,0,0,0,0,0,0,0,0,0,0.4,0.6,0,0,0,0
1120,mtarbit,4,0,0,0.25,0,0,0,0,0,0,0,0,0,0.75,0,0,0,0
1122,eggie5,10,0,0.1,0,0,0,0,0.2,0.2,0,0,0,0.1,0.4,0,0,0,0
1123,omghax,9,0,0,0,0,0,0,0,0.667,0,0,0,0,0.333,0,0,0,0
1125,drcode,5,0,0,0,0,0,0,0,1,0,0,0,0,0,0,0,0,0
1128,coty,5,0,0,0,0,0,0,0,0,0,0,0,0,0.8,0,0.2,0,0
1129,nickmerwin,6,0,0,0,0,0,0,0,0.167,0,0,0,0,0.833,0,0,0,0
1131,larrytheliquid,4,0,0,0,0,0,0,0,0.25,0,0,0,0,0.75,0,0,0,0
1133,alce,12,0,0,0,0,0.167,0.083,0,0.333,0,0,0,0,0.25,0.167,0,0,0
1135,trym,6,0,0,0,0,0,0.167,0,0.833,0,0,0,0,0,0,0,0,0
1138,indmill,3,0,0,0,0,0,0,0,0,0,0,0,0,1,0,0,0,0
1142,michaelbarton,5,0,0,0,0,0,0,0,0,0,0,0,0.2,0.4,0,0.4,0,0
1143,bennettandrews,8,0,0,0.125,0,0,0.25,0.25,0,0,0,0,0.125,0.125,0,0.125,0,0
1145,mza,13,0,0,0,0,0,0,0,0.231,0,0,0,0.154,0.615,0,0,0,0
1148,markmcspadden,7,0,0,0,0,0,0.143,0,0.143,0,0,0,0,0.714,0,0,0,0
1149,expilo,5,0,0,0,0,0,0,0,0.4,0,0,0,0,0.4,0.2,0,0,0
1150,pingles,3,0,0,0,0,0,0.667,0.333,0,0,0,0,0,0,0,0,0,0
1151,nemequ,9,0,0.889,0.111,0,0,0,0,0,0,0,0,0,0,0,0,0,0
1156,careo,7,0,0,0.143,0.286,0,0,0,0,0,0,0,0,0.571,0,0,0,0
1158,Cordobo,6,0,0,0,0,0,0,0,0.333,0,0,0,0,0.167,0,0,0,0.5
1159,jesseclark,6,0,0,0,0,0,0,0,0.167,0,0,0.167,0,0.667,0,0,0,0
1162,dust3d,4,0,0,0,0,0,0,0,0.75,0,0,0,0,0.25,0,0,0,0
1163,macgyver,3,0,0,0,0,0,0,0,0.667,0,0,0,0,0,0,0,0,0.333
1164,Krishna,4,0,0,0.25,0,0,0,0,0.5,0,0,0,0,0,0,0,0.25,0
1165,jipipayo,4,0,0,0,0,0,0,0,0,0,0,0.75,0.25,0,0,0,0,0
1167,dacresni,8,0,0.125,0,0,0,0,0,0.25,0,0,0.125,0.5,0,0,0,0,0
1168,rymai,12,0,0,0,0,0,0.083,0,0.083,0,0,0,0,0.833,0,0,0,0
1169,h3rald,9,0,0.111,0,0,0,0,0,0.667,0,0,0,0,0.111,0,0,0,0.111
1172,ndarilek,12,0,0,0,0,0,0.083,0.083,0.25,0.083,0,0,0,0,0.5,0,0,0
1175,bjhess,8,0,0,0,0,0,0,0,0.125,0,0,0,0,0.75,0,0,0,0.125
1176,chopmo,8,0,0,0,0,0,0,0,0,0,0,0,0.125,0.875,0,0,0,0
1177,nimbletechnique,6,0,0,0,0,0,0,0,0.167,0,0,0,0,0.833,0,0,0,0
1178,clawfire,5,0,0,0,0,0,0,0,0.2,0,0,0.2,0.4,0.2,0,0,0,0
1179,joevandyk,10,0,0,0,0,0,0,0,0.1,0,0,0,0,0.9,0,0,0,0
1181,mjm,9,0,0,0,0.111,0,0.111,0,0.111,0,0,0,0,0.222,0,0,0.333,0.111
1182,aizatto,7,0,0,0,0,0,0,0,0.143,0,0,0.143,0.143,0,0,0,0,0.571
1183,gregwebs,8,0,0,0,0,0,0.5,0,0.25,0,0,0,0.125,0,0,0,0,0.125
1185,findchris,9,0,0,0,0,0,0,0,0.222,0,0,0,0,0.778,0,0,0,0
1186,snusnu,4,0,0,0,0,0,0,0,0,0,0,0,0,1,0,0,0,0
1188,JakubOboza,3,0,0,0,0,0,0,0,0.333,0,0,0,0,0.667,0,0,0,0
1191,al2o3cr,4,0,0,0,0,0,0,0,0,0,0,0,0,1,0,0,0,0
1192,paltman,12,0,0,0,0,0,0,0,0.333,0,0,0,0.667,0,0,0,0,0
1194,kerryb,4,0,0,0,0,0,0,0.5,0,0,0,0,0,0.5,0,0,0,0
1195,Manfred,3,0,0.333,0.333,0,0,0,0,0,0,0,0,0,0.333,0,0,0,0
1196,jaehess,12,0,0,0,0,0,0,0,0.75,0,0,0.083,0,0.167,0,0,0,0
1198,imbriaco,4,0,0.25,0,0,0,0,0.25,0.5,0,0,0,0,0,0,0,0,0
1199,mdeering,5,0,0,0,0,0,0,0,0,0,0,0,0,1,0,0,0,0
1200,jwinter,10,0,0,0,0,0,0,0.1,0.3,0,0,0,0,0.6,0,0,0,0
1201,jdthomas,3,0,0,0,0,0,0,0,0.333,0,0,0,0.333,0,0.333,0,0,0
1202,rapind,5,0,0,0,0,0,0,0.4,0.2,0,0,0,0,0.4,0,0,0,0
1203,dgingrich,11,0,0,0,0,0,0.182,0.091,0,0,0,0,0.636,0,0,0.091,0,0
1204,jhenry,5,0,0,0,0,0,0,0,0.4,0,0,0.2,0,0.4,0,0,0,0
1206,delano,4,0,0,0,0,0,0,0,0,0,0,0,0.25,0.75,0,0,0,0
1207,tsmckelvey,4,0,0,0,0.75,0,0,0,0.25,0,0,0,0,0,0,0,0,0
1209,sverrejoh,12,0,0,0,0,0,0,0,0.333,0,0,0,0.167,0.167,0,0,0,0.333
1210,paulsmith,12,0,0.083,0,0,0,0.417,0,0.25,0,0,0,0.167,0,0,0,0.083,0
1211,mlc,9,0,0,0,0,0,0,0.333,0,0,0,0,0,0,0,0,0,0.667
1212,bgianfo,5,0,0.4,0.2,0,0,0,0,0.2,0,0,0,0.2,0,0,0,0,0
1213,berry,3,0,0,0,0,0,0,0,0.667,0,0,0.333,0,0,0,0,0,0
1215,ryanwilliams,3,0,0,0.333,0,0,0,0,0.667,0,0,0,0,0,0,0,0,0
1216,vetler,6,0,0,0,0,0,0.167,0.5,0.167,0.167,0,0,0,0,0,0,0,0
1217,alexspeller,6,0,0,0,0,0,0,0,0.667,0,0,0,0,0.333,0,0,0,0
1218,ajturner,11,0,0,0,0,0,0,0,0.364,0,0,0,0.273,0.273,0,0,0,0.091
1219,durdn,11,0,0,0,0,0,0.455,0,0.273,0,0,0,0,0.182,0.091,0,0,0
1221,levinalex,14,0,0,0,0,0,0.214,0.143,0,0,0,0,0,0.643,0,0,0,0
1222,avh4,8,0,0,0,0,0,0,0.375,0.375,0,0,0,0,0.25,0,0,0,0
1224,awt,14,0,0,0,0.071,0,0,0,0.214,0,0,0,0,0.714,0,0,0,0
1228,ericflo,8,0,0,0.25,0,0,0,0,0.125,0,0,0,0.5,0,0,0,0,0.125
1229,paulca,6,0,0,0,0,0,0,0,0.333,0,0,0,0,0.667,0,0,0,0
1230,yarox,6,0,0,0,0,0,0,0,0.333,0,0,0,0.5,0,0.167,0,0,0
1232,mindreframer,4,0,0,0,0,0,0,0,0.5,0,0,0,0,0.5,0,0,0,0
1236,creiht,10,0,0,0,0,0,0.7,0,0,0,0,0,0.3,0,0,0,0,0
1238,mmetzger,3,0,0.333,0,0,0,0,0,0,0,0,0,0.667,0,0,0,0,0
1239,conejo,4,0,0,0,1,0,0,0,0,0,0,0,0,0,0,0,0,0
1242,bcg,3,0,0,0,0,0,0.333,0,0,0,0,0,0,0,0,0.333,0,0.333
1246,xwmx,8,0,0,0,0,0,0,0,0.125,0,0,0,0,0.875,0,0,0,0
1247,engie,3,0,0.667,0,0,0,0,0,0.333,0,0,0,0,0,0,0,0,0
1249,godber,7,0,0,0,0,0,0,0,0.714,0,0,0,0.286,0,0,0,0,0
1250,amattsmith,7,0,0,0,0,0,0.143,0.571,0,0,0,0,0.143,0,0,0,0,0.143
1251,kendall,4,0,0,0,0,0,0,0,0.25,0,0,0,0.25,0,0,0.5,0,0
1252,alinford,3,0,0,0,0,0,0,0,0.667,0,0,0,0.333,0,0,0,0,0
1253,qartis,8,0,0.75,0.25,0,0,0,0,0,0,0,0,0,0,0,0,0,0
1254,naturalethic,3,0,0,0,0,0,0,0.667,0,0,0,0,0,0,0,0,0,0.333
1255,jzting,5,0,0,0,0,0,0,0,0.2,0,0,0,0.4,0.4,0,0,0,0
1256,dougal,10,0,0,0,0,0,0.1,0.1,0.1,0,0,0,0,0.7,0,0,0,0
1257,ph0rque,5,0,0,0,0,0,0,0,0.6,0,0,0,0,0.2,0,0,0,0.2
1258,bryanveloso,5,0,0,0,0,0,0,0,0.4,0,0,0,0.2,0.2,0,0,0,0.2
1259,britt,11,0,0,0,0,0,0.091,0.091,0.364,0,0,0,0,0.273,0,0,0,0.182
1260,damog,6,0,0,0.167,0,0,0.167,0,0,0,0,0,0.167,0.5,0,0,0,0
1262,bobbyrward,3,0,0,0,0,0,0,0,0.333,0,0,0,0.667,0,0,0,0,0
1264,cardmagic,9,0,0,0,0,0,0.111,0,0,0,0,0,0,0.889,0,0,0,0
1265,cbx,7,0,0,0,0,0,0,0,0.143,0,0,0,0,0.857,0,0,0,0
1268,quamen,9,0,0,0,0,0,0,0,0.111,0,0,0,0,0.889,0,0,0,0
1270,haberman,6,0,0.167,0.667,0,0,0,0,0.167,0,0,0,0,0,0,0,0,0
1271,joaomarcusc,8,0,0,0,0.125,0,0,0.625,0.125,0,0,0,0,0,0,0,0,0.125
1274,tobowers,6,0,0,0,0,0,0,0,0.667,0,0,0,0,0.333,0,0,0,0
1276,jerry,3,0,0,0,0,0,0,0,0,0,0,0,0,0.333,0,0.667,0,0
1277,beastaugh,4,0,0,0,0,0,0,0,0.25,0,0,0.25,0,0.5,0,0,0,0
1280,brucem,3,0,0,0,0,0,0,0,0,0,0,0.333,0,0.667,0,0,0,0
1281,jakep36,3,0,0,0,0,0,0.333,0,0.333,0,0,0,0,0,0,0,0,0.333
1283,matehat,6,0,0,0,0,0,0,0.167,0.5,0,0,0,0.167,0.167,0,0,0,0
1284,burke,9,0,0,0,0,0,0,0,0.333,0,0,0,0,0.667,0,0,0,0
1285,mkbehr,4,0.25,0,0.5,0,0,0,0,0.25,0,0,0,0,0,0,0,0,0
1286,dbarros,3,0,0,0,0,0,0,0,0.333,0,0,0,0,0.667,0,0,0,0
1287,tomafro,4,0,0,0,0,0,0,0,0.25,0,0,0,0,0.75,0,0,0,0
1288,pvaillant,5,0,0,0,0.2,0,0.2,0,0.4,0,0,0,0,0,0,0,0,0.2
1291,brianm,4,0,0,0,0,0,0,0.5,0.5,0,0,0,0,0,0,0,0,0
1292,cee-dub,7,0,0,0,0,0,0.429,0,0.143,0,0,0,0,0.429,0,0,0,0
1295,zacbrown,11,0,0.091,0.182,0.182,0,0.091,0.182,0,0,0,0,0.091,0.091,0,0,0.091,0
1297,elq,3,0,0.333,0.333,0,0,0,0.333,0,0,0,0,0,0,0,0,0,0
1299,mitchellh,3,0,0,0,0,0,1,0,0,0,0,0,0,0,0,0,0,0
1300,lgastako,4,0,0,0,0,0,0,0,0.5,0,0,0.25,0.25,0,0,0,0,0
1301,andrewlmurray,5,0,0,0,0,0,0,0.4,0,0,0,0,0.2,0,0,0.4,0,0
1302,mdiep,5,0,0.2,0,0,0,0,0,0.2,0,0,0,0,0.2,0,0,0.4,0
1305,steveclarke,5,0,0,0,0,0.2,0,0,0.4,0,0,0,0,0,0,0,0,0.4
1306,napcs,3,0,0,0,0,0,0,0,0,0,0,0,0,1,0,0,0,0
1312,benhiller,7,0,0,0,0,0,0,0,0.857,0,0,0,0,0,0,0,0,0.143
1314,scw,12,0,0,0,0.083,0,0,0,0.417,0,0,0,0.5,0,0,0,0,0
1315,harryf,7,0,0.143,0,0,0,0,0.143,0.286,0,0,0,0.143,0,0,0,0.286,0
1318,michaelmelanson,6,0,0,0.167,0,0,0.167,0,0,0,0,0,0,0.167,0.5,0,0,0
1319,marrone,9,0,0.111,0,0.111,0,0,0.111,0.667,0,0,0,0,0,0,0,0,0
1321,aggieben,15,0,0.067,0,0.8,0,0,0,0.133,0,0,0,0,0,0,0,0,0
1322,thibaudgg,9,0,0,0.111,0,0,0,0,0,0,0,0,0,0.889,0,0,0,0
1323,zenAudio,4,0,0,0.5,0,0,0,0.25,0.25,0,0,0,0,0,0,0,0,0
1324,wan,3,0,0,0,0,0,0,0,0,0,0,0,0.667,0,0,0.333,0,0
1325,daly,3,0,0.333,0,0,0,0,0.667,0,0,0,0,0,0,0,0,0,0
1327,emkay,6,0,0,0,0,0,0,0.167,0.833,0,0,0,0,0,0,0,0,0
1328,dxoigmn,6,0,0,0,0,0,0,0,0.167,0,0,0,0.5,0.333,0,0,0,0
1329,asenchi,5,0,0,0,0,0,0.6,0,0,0,0,0,0.2,0.2,0,0,0,0
1330,daragh,6,0,0.5,0,0,0,0,0.167,0.167,0,0,0,0.167,0,0,0,0,0
1334,jesper,7,0,0,0.143,0,0,0.143,0,0.286,0,0,0,0.429,0,0,0,0,0
1335,ydewit,4,0,0,0,0.25,0,0,0,0.25,0,0,0,0,0,0.25,0,0,0.25
1336,benwad,7,0,0.143,0.429,0,0,0.286,0,0,0,0,0,0.143,0,0,0,0,0
1338,jdknezek,4,0,0.25,0,0,0,0.25,0,0.5,0,0,0,0,0,0,0,0,0
1339,issackelly,7,0,0,0,0,0,0,0,0,0,0,0,1,0,0,0,0,0
1344,reedlaw,11,0,0,0.091,0,0,0,0,0.091,0,0,0,0.091,0.727,0,0,0,0
1346,eddof13,3,0,0,0,0,0,0,0,0,0,0,0.333,0.667,0,0,0,0,0
1347,bousquet,3,0,0,0,0,0,0,0,0,0,0,0,0,1,0,0,0,0
1349,ottobar,7,0,0,0,0,0,0,0,0,0,0,0,0,1,0,0,0,0
1351,eyecat,7,0,0.143,0,0,0,0,0,0.429,0,0,0,0.429,0,0,0,0,0
1352,lackac,3,0,0,0,0,0,0,0,1,0,0,0,0,0,0,0,0,0
1354,kneath,12,0,0,0,0,0,0,0,0.417,0,0,0,0.167,0.417,0,0,0,0
1358,cosmin,3,0,0.333,0,0,0,0,0,0,0,0,0,0.667,0,0,0,0,0
1359,imbaczek,13,0,0,0.154,0,0,0,0,0.154,0,0,0,0.385,0,0.308,0,0,0
1361,systemride,8,0,0,0,0.125,0,0,0,0.625,0.125,0,0,0,0,0,0,0,0.125
1362,kastravec,3,0,0.667,0.333,0,0,0,0,0,0,0,0,0,0,0,0,0,0
1366,deontologician,7,0,0,0,0,0,0,0,0.286,0,0,0,0.286,0,0.429,0,0,0
1367,techthumb,6,0,0,0,0,0,0.167,0,0.333,0,0,0,0,0.5,0,0,0,0
1369,biochimia,9,0,0,0,0,0,0.222,0.111,0.111,0,0,0,0.222,0.111,0,0.222,0,0
1370,notanumber,4,0,0,0.25,0,0,0,0,0,0,0,0,0.75,0,0,0,0,0
1371,fcoury,7,0,0,0,0,0,0,0,0.143,0,0,0,0,0.143,0.429,0,0,0.286
1374,Interrupt,8,0,0,0,0,0,0,0.375,0.25,0,0,0.125,0,0,0,0.25,0,0
1377,stefanpenner,6,0,0.167,0,0,0,0.167,0,0.5,0,0,0,0,0.167,0,0,0,0
1378,kjell,6,0,0.167,0,0,0,0,0.167,0.167,0,0,0,0,0.5,0,0,0,0
1380,ramon,3,0,0,0,0,0,0,0,0,0,0,0.333,0,0,0,0,0,0.667
1381,cleitonfco,8,0,0,0,0,0,0,0,0.625,0,0,0,0,0.375,0,0,0,0
1383,mdaines,4,0,0,0,0,0,0,0,0.75,0,0,0,0,0,0,0,0.25,0
1384,justin,6,0,0,0,0.167,0,0,0,0,0,0,0,0,0.167,0,0,0.667,0
1385,jonshea,6,0,0,0,0,0,0,0.167,0,0,0,0,0,0.333,0,0.5,0,0
1387,stuart,4,0,0,0,0,0,0,0,0.25,0.25,0,0,0,0.5,0,0,0,0
1388,greut,6,0,0,0,0,0,0.333,0,0.333,0,0,0,0.333,0,0,0,0,0
1390,esiegel,12,0,0,0.167,0,0,0,0.083,0.167,0,0,0.083,0.083,0.25,0.083,0.083,0,0
1391,ashchan,10,0,0,0.1,0,0,0,0,0,0,0,0,0.2,0.2,0,0,0.5,0
1392,bcotton,9,0,0,0,0,0,0.111,0.333,0,0,0,0,0,0.333,0,0,0,0.222
1393,tageorgiou,6,0,0,0,0,0,0,0.333,0.333,0,0,0,0.333,0,0,0,0,0
1394,cablehead,3,0,0,0,0,0,0.333,0,0.667,0,0,0,0,0,0,0,0,0
1395,weldyss,7,0,0,0,0,0,0,0,0,0,0,0,0,0.571,0,0,0,0.429
1396,anaisbetts,13,0,0,0.077,0.462,0,0,0,0.308,0,0,0,0,0,0.077,0,0,0.077
1398,keegnotrub,9,0,0,0.444,0,0,0,0,0.111,0,0,0.111,0,0.333,0,0,0,0
1402,trevrosen,16,0,0,0,0,0,0.625,0,0.25,0,0,0,0,0.125,0,0,0,0
1405,fannar,3,0,0,0,0,0,0,0,0,0,0,0,0,1,0,0,0,0
1406,dangoldin,6,0,0,0,0,0,0,0,0.5,0,0,0,0.167,0,0,0,0.167,0.167
1407,freels,3,0,0,0,0,0,0,0,0.333,0,0,0,0,0,0,0.667,0,0
1408,hadronzoo,3,0,0.333,0,0,0,0,0,0,0,0,0,0,0.667,0,0,0,0
1411,mcroydon,6,0,0,0,0,0,0.333,0.167,0.167,0,0,0,0.167,0.167,0,0,0,0
1412,tristan,5,0,0,0,0,0,0,0.2,0.2,0,0,0,0.6,0,0,0,0,0
1413,afairley,4,0,0.25,0,0,0,0,0.25,0,0,0,0,0.5,0,0,0,0,0
1416,dsrw,6,0,0,0.167,0,0,0.167,0.167,0.333,0,0,0,0,0.167,0,0,0,0
1417,davidmohara,7,0,0,0,0.286,0,0,0,0.429,0,0,0,0,0.286,0,0,0,0
1418,ynd,6,0,0.167,0.167,0,0,0,0.333,0,0,0,0,0.167,0.167,0,0,0,0
1419,brentd,6,0,0,0,0,0,0.167,0,0.333,0,0,0,0,0.5,0,0,0,0
1420,vcgomes,15,0,0.733,0.267,0,0,0,0,0,0,0,0,0,0,0,0,0,0
1421,flyingmachine,6,0,0,0,0,0,0,0.167,0.667,0,0,0,0,0.167,0,0,0,0
1422,pphetra,12,0,0,0.167,0,0.083,0,0.167,0.417,0,0,0,0.083,0.083,0,0,0,0
1424,mcolyer,7,0,0.143,0,0,0,0,0,0,0,0,0,0.143,0.714,0,0,0,0
1425,gdagley,11,0,0.091,0,0,0,0,0,0.273,0,0,0,0.091,0.455,0,0,0.091,0
1426,chrisk,9,0,0.111,0,0,0,0,0.111,0,0,0,0,0,0.778,0,0,0,0
1428,sudachen,8,0,0.125,0.125,0,0,0.375,0.125,0,0,0,0,0.125,0,0.125,0,0,0
1429,Rickasaurus,4,0,0.25,0,0.5,0,0,0,0,0,0,0,0.25,0,0,0,0,0
1430,na9da,5,0,0,0.2,0,0,0,0.2,0.6,0,0,0,0,0,0,0,0,0
1431,paulstansifer,6,0,0,0.167,0,0,0,0,0.167,0,0,0,0,0,0.667,0,0,0
1433,papabear,5,0,0,0,0,0,0,0,1,0,0,0,0,0,0,0,0,0
1434,Bertg,9,0,0,0,0,0,0,0,0.333,0,0,0,0.111,0.444,0,0,0,0.111
1435,davemerwin,7,0,0,0,0,0,0,0,0.429,0,0,0,0.571,0,0,0,0,0
1436,bob,4,0,0,0,0,0,0,0,0,0,0,0,0,1,0,0,0,0
1438,alexmoore,7,0,0,0,0.286,0,0,0.143,0.143,0,0,0,0.143,0.286,0,0,0,0
1440,mikedouglas,10,0,0.3,0.3,0,0,0,0.2,0.1,0,0,0,0.1,0,0,0,0,0
1441,blakelivingston,4,0,0,0,0,0,0,0.25,0.25,0,0,0,0.25,0,0,0.25,0,0
1444,rbarazi,7,0,0,0,0,0,0.143,0,0.143,0,0,0,0,0.714,0,0,0,0
1445,pierrevdb,3,0,0,0,0,0,0,0,0,0,0,0,0,1,0,0,0,0
1450,mintchaos,4,0,0,0,0,0,0,0,0.25,0,0,0,0.75,0,0,0,0,0
1452,khamer,4,0,0,0,0,0,0,0,0.25,0,0,0.5,0,0,0,0,0,0.25
1454,tommi,7,0,0,0,0,0,0,0.143,0,0,0,0.286,0.286,0,0,0,0.286,0
1464,Oblomov,9,0,0.333,0.333,0,0,0,0,0.222,0,0,0,0,0.111,0,0,0,0
1465,rgrove,8,0,0.125,0,0,0,0,0,0.75,0,0,0,0,0.125,0,0,0,0
1466,dovadi,8,0,0,0,0,0,0,0,0.25,0,0,0.25,0,0.5,0,0,0,0
1467,mlesniak,3,0,0,0,0,0,0.667,0,0,0.333,0,0,0,0,0,0,0,0
1468,CodeMangler,5,0,0,0,0.2,0,0,0,0.2,0,0,0,0.2,0.4,0,0,0,0
1469,tsvgmi,10,0,0,0,0,0,0,0,0.2,0,0,0,0.3,0.5,0,0,0,0
1470,alexbndk,8,0,0,0,0,0,0,0,0.75,0,0,0,0,0.25,0,0,0,0
1472,radical,9,0,0,0,0.889,0,0,0,0,0,0,0,0.111,0,0,0,0,0
1473,redmar,10,0,0,0,0,0.1,0,0.1,0.1,0,0,0,0,0.6,0,0.1,0,0
1474,nablaone,3,0,0,0,0,0,0.333,0.333,0.333,0,0,0,0,0,0,0,0,0
1476,thedaniel,4,0,0,0,0,0,0,0,1,0,0,0,0,0,0,0,0,0
1478,kamalgs,3,0,0.333,0,0,0,0.667,0,0,0,0,0,0,0,0,0,0,0
1479,slim,11,0,0,0.091,0,0,0,0,0.091,0,0,0.727,0,0,0,0,0,0.091
1481,vegai,3,0,0,0,0,0,0,0.333,0.333,0,0,0,0.333,0,0,0,0,0
1482,gaubert,11,0,0.091,0,0,0,0,0.273,0.273,0,0,0,0.364,0,0,0,0,0
1483,pjay,6,0,0,0,0,0,0,0,0.167,0,0,0,0.167,0.333,0,0,0.333,0
1484,pushkar,10,0,0.2,0,0,0,0,0.2,0.1,0,0,0,0.5,0,0,0,0,0
1485,mbrezu,4,0,0,0,0.5,0,0,0,0,0,0,0,0.25,0,0,0,0,0.25
1486,tronical,4,0,0,0.25,0,0,0,0,0,0,0,0,0,0,0.75,0,0,0
1488,bivab,3,0,0,0,0,0,0,0.333,0.333,0,0,0,0.333,0,0,0,0,0
1489,gene9,9,0,0.111,0.222,0.222,0,0,0,0.111,0,0,0,0.222,0,0,0,0,0.111
1490,hassy,6,0,0,0,0,0,0,0,1,0,0,0,0,0,0,0,0,0
1491,markun,3,0,0.667,0.333,0,0,0,0,0,0,0,0,0,0,0,0,0,0
1493,bandito,7,0,0,0,0,0,0,0.143,0.143,0,0,0,0.143,0.571,0,0,0,0
1497,mikewest,3,0,0,0.333,0,0,0,0,0.333,0,0,0,0.333,0,0,0,0,0
1498,arnar,6,0,0,0.167,0,0,0,0,0.667,0,0,0,0,0,0.167,0,0,0
1499,deresh,8,0,0,0,0,0,0,0,0.125,0,0,0.75,0.125,0,0,0,0,0
1501,czottmann,4,0,0,0,0,0,0,0,0.25,0,0,0,0,0.5,0,0,0,0.25
1502,Niriel,4,0,0,0.25,0,0,0.5,0,0,0,0,0.25,0,0,0,0,0,0
1503,HansF,13,0,0,0.231,0.077,0,0,0,0.538,0,0,0.154,0,0,0,0,0,0
1505,vezquex,6,0,0,0,0,0,0.167,0,0.5,0,0,0,0,0,0,0,0,0.333
1506,oyvindfanebust,5,0,0,0,0.2,0,0.4,0,0.4,0,0,0,0,0,0,0,0,0
1507,soma,3,0,0,0,0,0,0,0.333,0.333,0,0,0,0,0,0,0,0,0.333
1508,jablan,6,0,0.167,0.167,0,0,0,0,0.167,0,0,0,0.167,0.333,0,0,0,0
1509,ml,9,0,0.111,0,0,0,0,0,0,0,0,0,0,0.889,0,0,0,0
1510,marcoow,8,0,0,0,0,0,0,0,1,0,0,0,0,0,0,0,0,0
1512,dacort,3,0,0,0,0,0,0,0,0,0,0,0,0.667,0,0,0,0,0.333
1513,SimonS,4,0,0,0,0,0,0,0,1,0,0,0,0,0,0,0,0,0
1514,muffinresearch,12,0,0,0,0,0,0,0,0.667,0,0,0,0.167,0.083,0,0,0,0.083
1516,bradwright,7,0,0,0,0,0,0.286,0,0.143,0,0,0,0.286,0.286,0,0,0,0
1517,husio,4,0,0.5,0,0,0,0.5,0,0,0,0,0,0,0,0,0,0,0
1518,taoufix,10,0,0,0,0,0,0,0.9,0.1,0,0,0,0,0,0,0,0,0
1519,jan,4,0,0,0,0,0,0,0,0,0,0,0,0,1,0,0,0,0
1520,thomasfl,11,0,0,0,0,0,0,0,0.636,0,0,0,0.091,0.182,0,0,0,0.091
1521,aemkei,4,0,0,0,0,0,0,0,1,0,0,0,0,0,0,0,0,0
1527,rmoriz,8,0,0,0,0,0,0.125,0,0.125,0,0,0,0.125,0.625,0,0,0,0
1528,xinitrc,6,0,0,0.167,0,0,0,0,0.333,0,0,0.167,0,0.167,0,0,0,0.167
1529,kalin,12,0,0,0,0,0,0,0,0.25,0,0,0.083,0.083,0.5,0,0,0.083,0
1532,nkpart,7,0,0.143,0,0,0,0,0,0,0,0,0,0.143,0.143,0,0.571,0,0
1539,dikini,5,0,0.2,0,0,0,0,0,0,0,0,0.4,0.2,0,0.2,0,0,0
1541,bakert,8,0,0,0,0,0,0,0.25,0.25,0,0,0.25,0.25,0,0,0,0,0
1542,mcmarto,6,0,0,0.167,0.167,0,0.333,0,0,0,0,0,0.333,0,0,0,0,0
1544,newtonapple,9,0,0.111,0.222,0,0,0,0,0.111,0,0,0,0,0.556,0,0,0,0
1545,number5,8,0,0.25,0,0,0,0,0.125,0,0,0,0,0.25,0.375,0,0,0,0
1547,amandasaurus,6,0,0.167,0,0,0,0,0,0.167,0,0,0,0.5,0,0.167,0,0,0
1548,babo,8,0,0.125,0,0,0,0,0.25,0.125,0,0,0,0.375,0,0.125,0,0,0
1549,ilkka,7,0,0,0,0,0,0,0,0.429,0.143,0,0,0.286,0.143,0,0,0,0
1550,ibroadfo,10,0,0,0,0,0,0,0,0.7,0,0,0,0,0.2,0,0,0,0.1
1551,abradburne,3,0,0,0,0,0,0,0,0,0,0,0,0,1,0,0,0,0
1552,theflow,12,0,0.083,0,0,0,0,0,0.083,0,0,0,0.083,0.75,0,0,0,0
1553,Jonty,7,0,0,0,0,0,0.286,0,0.143,0,0,0,0.429,0.143,0,0,0,0
1556,capisce,6,0,0,0.333,0,0,0,0,0.5,0,0,0,0.167,0,0,0,0,0
1558,ask,8,0,0,0,0,0,0,0,0,0,0,0,1,0,0,0,0,0
1561,jgworks,3,0,0.667,0,0,0,0,0,0.333,0,0,0,0,0,0,0,0,0
1563,bru,10,0,0,0.1,0,0,0,0,0.5,0,0,0,0,0.4,0,0,0,0
1564,jstewart,3,0,0,0,0,0,0,0,0.333,0,0,0,0,0.667,0,0,0,0
1565,KevM,11,0.091,0,0,0.455,0,0.091,0,0.273,0,0,0,0,0.091,0,0,0,0
1566,timothyjoh,8,0,0,0,0,0,0,0,0.5,0,0,0.125,0,0.375,0,0,0,0
1568,taf2,13,0,0.154,0.077,0,0,0,0,0.308,0,0,0,0.077,0.385,0,0,0,0
1571,stan,6,0,0.167,0,0,0,0,0,0.167,0,0,0,0,0.667,0,0,0,0
1572,edwardgeorge,6,0,0,0,0,0,0,0,0,0,0,0,0.667,0,0.333,0,0,0
1576,nkohari,11,0,0,0,0,0,0,0,0.818,0,0,0,0,0,0,0,0,0.182
1577,alf,5,0,0,0,0,0,0,0.4,0,0.2,0,0,0.2,0.2,0,0,0,0
1580,lamdor,6,0,0,0,0,0,0.167,0.167,0.167,0,0,0,0.167,0.167,0,0.167,0,0
1582,dizz,9,0,0,0,0,0,0,0.333,0,0,0,0,0.222,0.444,0,0,0,0
1583,mikehale,7,0,0,0,0,0,0,0,0,0,0,0,0,1,0,0,0,0
1585,xla,4,0,0.25,0,0,0,0,0,0,0,0,0,0,0,0.75,0,0,0
1586,tmpjr,3,0,0,0,0,0,0,0.333,0,0,0,0.333,0.333,0,0,0,0,0
1587,fserb,9,0,0,0.222,0,0,0,0.222,0.444,0,0,0,0.111,0,0,0,0,0
1588,lvaruzza,12,0,0.083,0.167,0,0,0,0.5,0,0,0,0,0,0,0.167,0.083,0,0
1589,jkutner,7,0,0,0.143,0,0,0.143,0.143,0.143,0,0,0,0,0.143,0,0.286,0,0
1591,veader,10,0,0,0,0,0,0,0,0.3,0,0,0,0,0.6,0,0,0.1,0
1592,raja,4,0,0,0,0,0,0.25,0,0,0,0,0,0.75,0,0,0,0,0
1593,dhyasama,3,0,0,0,0.333,0,0,0,0.667,0,0,0,0,0,0,0,0,0
1594,MegaMark16,3,0,0,0,0,0,0,0,0.333,0,0,0,0.333,0,0,0,0,0.333
1597,jonbro,13,0.077,0.154,0.154,0.154,0,0,0,0.385,0,0,0,0,0.077,0,0,0,0
1598,ecoleman,10,0,0,0,0,0,0,0,0.2,0,0,0.6,0,0.1,0,0,0,0.1
1600,na,6,0,0,0,0.167,0,0,0,0,0,0,0,0.667,0,0.167,0,0,0
1601,cbuben,9,0,0.222,0,0,0,0.111,0,0.111,0,0,0,0.111,0.444,0,0,0,0
1602,nmariz,5,0,0.4,0,0,0,0,0,0,0,0,0,0.6,0,0,0,0,0
1603,ldenman,8,0,0,0.125,0,0,0,0.125,0.5,0,0,0,0.125,0,0,0,0,0.125
1605,levifig,7,0,0.143,0,0,0,0,0,0.429,0,0,0,0,0.429,0,0,0,0
1607,jjoaquim,3,0,0,0,0,0,0,0,0,0,0,0,0,1,0,0,0,0
1608,gkolok,4,0,0,0,0,0,0,0,0.5,0,0,0,0,0,0,0.5,0,0
1614,brad,8,0,0,0,0,0,0,0.125,0.125,0,0,0.125,0.5,0,0,0,0,0.125
1615,jeresig,5,0,0,0,0,0,0,0,0.8,0,0,0,0.2,0,0,0,0,0
1616,bdc34,7,0,0.143,0,0,0,0,0.143,0,0,0,0,0.429,0,0,0,0,0.286
1619,seth,5,0,0,0,0,0,0,0,0.2,0,0,0,0,0.6,0.2,0,0,0
1620,dc25,8,0,0,0.125,0,0,0,0.125,0.625,0,0,0,0,0,0,0,0,0.125
1621,edavis10,7,0,0,0,0,0,0,0,0,0,0,0,0,1,0,0,0,0
1622,entombedvirus,7,0,0,0,0,0,0.571,0,0.143,0,0,0,0,0.143,0.143,0,0,0
1623,pagenoare,9,0,0,0.111,0,0,0,0,0.333,0,0,0,0.556,0,0,0,0,0
1624,brian-lc,3,0,0,0,0,0,0,0,0.667,0,0,0,0,0.333,0,0,0,0
1627,jamis,7,0,0.429,0,0,0,0,0,0,0,0,0,0,0.571,0,0,0,0
1628,thomlinton,8,0,0,0,0,0,0,0,0,0,0,0,1,0,0,0,0,0
1631,tambet,5,0,0,0,0,0,0.2,0,0.6,0,0,0,0,0.2,0,0,0,0
1632,aake,3,0,0,0,0,0,0,0,0,0,0,0,0,1,0,0,0,0
1635,binarymatt,5,0,0,0,0,0,0.2,0,0,0,0,0,0.8,0,0,0,0,0
1637,josephgrossberg,10,0,0,0,0.1,0,0,0,0.1,0,0,0,0.1,0.7,0,0,0,0
1639,capitalist,8,0,0,0,0,0,0,0,0.5,0,0,0,0,0.375,0,0,0,0.125
1640,lfelipe,3,0,0.667,0,0,0,0,0,0,0,0,0,0.333,0,0,0,0,0
1641,gojomo,11,0,0.091,0,0,0,0,0,0.182,0,0,0,0.636,0.091,0,0,0,0
1642,rubysolo,4,0,0,0,0,0,0,0,0,0,0,0,0,1,0,0,0,0
1643,kjohnston,3,0,0,0,0,0,0,0,0,0,0,0,0,1,0,0,0,0
1649,xavi,3,0,0,0,0,0,0,0.667,0.333,0,0,0,0,0,0,0,0,0
1650,jgagne33,5,0,0,0,0,0,0,0,0.2,0,0,0,0,0.8,0,0,0,0
1651,Abica,3,0,0,0,0,0,0,0.333,0,0,0,0,0.333,0,0.333,0,0,0
1652,tantalor,3,0,0,0,0,0,0,0,0.333,0,0,0,0.667,0,0,0,0,0
1653,shift,11,0,0.182,0.091,0,0,0.273,0.091,0.091,0,0,0.091,0,0.182,0,0,0,0
1655,kamidev,3,0,0,0.333,0,0,0,0.333,0,0,0,0,0.333,0,0,0,0,0
1658,gerard,4,0,0,0.5,0,0,0,0,0,0,0,0,0.25,0.25,0,0,0,0
1659,rictic,5,0,0,0,0,0,0,0.6,0.2,0,0,0,0,0,0.2,0,0,0
1662,swsnider,4,0,0,0,0,0,0.25,0,0,0,0,0,0.75,0,0,0,0,0
1664,svenstaro,7,0,0,0.571,0,0,0,0,0,0,0,0,0,0,0.429,0,0,0
1665,ebassi,10,0,0.8,0,0,0,0,0,0,0,0,0,0.1,0,0.1,0,0,0
1666,luiscosio,6,0,0,0,0,0,0,0,0,0,0,0,1,0,0,0,0,0
1668,john,7,0,0,0,0,0,0,0,0.286,0,0,0,0,0.714,0,0,0,0
1670,corsix,4,0,0.5,0.25,0,0,0,0,0,0,0,0,0.25,0,0,0,0,0
1671,scrooloose,7,0,0,0,0,0,0,0,0.286,0,0,0.143,0,0.571,0,0,0,0
1674,jason,6,0,0,0,0,0,0,0,0.333,0,0,0,0,0.667,0,0,0,0
1675,davidsidlinger,10,0,0,0,0.5,0,0,0,0.3,0,0,0,0,0,0,0,0,0.2
1676,fightinjoe,7,0,0,0,0,0,0,0,0.286,0,0,0,0,0.571,0,0,0,0.143
1677,brendano,8,0,0.25,0,0,0,0,0.375,0,0,0,0,0.375,0,0,0,0,0
1678,alltom,9,0,0,0.333,0.111,0,0,0,0.444,0,0,0,0,0.111,0,0,0,0
1680,orderedlist,4,0,0,0.25,0,0,0,0,0.5,0,0,0,0,0.25,0,0,0,0
1682,juancq,8,0,0,0,0,0,0,0,0.125,0,0,0,0.875,0,0,0,0,0
1684,mcclung,6,0,0.833,0.167,0,0,0,0,0,0,0,0,0,0,0,0,0,0
1686,xevo,5,0,0,0,0,0,0,0,0.2,0,0,0.2,0.6,0,0,0,0,0
1688,stolt45,6,0,0,0.167,0,0,0,0,0,0,0,0,0,0.833,0,0,0,0
1689,kevindamm,3,0,0,0,0,0,0.333,0,0,0,0,0,0.333,0,0,0,0,0.333
1691,bryansray,4,0,0,0,0,0,0,0,0.75,0,0,0,0,0.25,0,0,0,0
1692,cw,7,0,0,0,0,0,0,0.286,0.429,0,0,0,0.286,0,0,0,0,0
1693,ryderblue,4,0,0.5,0.25,0,0,0,0,0,0,0,0,0.25,0,0,0,0,0
1694,jkatz,7,0,0,0,0,0,0.286,0,0,0,0,0,0.714,0,0,0,0,0
1695,Anks,6,0,0,0,0.167,0,0,0,0.333,0,0,0,0.167,0.167,0,0,0,0.167
1696,han,8,0,0,0,0,0,0.25,0,0,0,0,0,0.125,0.625,0,0,0,0
1697,thauber,6,0,0,0,0,0,0,0,0.333,0,0,0,0.5,0,0,0,0,0.167
1702,muncman,6,0,0,0.167,0,0,0,0,0.333,0,0,0,0,0.167,0,0,0.333,0
1703,cjheath,8,0,0.25,0.125,0,0,0,0,0,0,0,0,0,0.625,0,0,0,0
1705,zeno,5,0,0,0,0,0,0.2,0.2,0.4,0,0,0,0,0.2,0,0,0,0
1707,xpl,14,0,0,0,0,0,0,0,0.929,0,0,0,0.071,0,0,0,0,0
1709,celldee,10,0,0.1,0,0,0,0,0.1,0.1,0,0,0,0,0.7,0,0,0,0
1710,aubergene,5,0,0,0.2,0,0,0,0,0.4,0,0,0,0,0.2,0,0,0,0.2
1711,carletes,4,0,0,0.25,0,0,0.25,0,0,0,0,0,0.5,0,0,0,0,0
1713,rafaelroquetto,4,0,0.75,0,0,0,0.25,0,0,0,0,0,0,0,0,0,0,0
1714,xaviershay,10,0,0,0,0,0,0,0,0.3,0,0,0,0,0.6,0,0,0,0.1
1715,hannes-zz,4,0,1,0,0,0,0,0,0,0,0,0,0,0,0,0,0,0
1718,joshua,10,0,0.1,0,0,0,0.7,0,0.1,0,0,0,0,0.1,0,0,0,0
1720,mikevalstar,7,0,0,0,0,0,0,0,0.286,0,0,0.143,0,0,0,0,0,0.571
1722,eugene,7,0,0,0.143,0,0,0,0,0.143,0,0,0,0.714,0,0,0,0,0
1726,nerdEd,9,0,0,0,0,0,0.111,0,0.333,0,0,0,0,0.556,0,0,0,0
1729,szilveszter,9,0,0,0,0,0,0.111,0,0,0,0,0,0.889,0,0,0,0,0
1731,skwp,10,0,0,0,0,0,0.1,0,0.1,0,0,0,0.2,0.6,0,0,0,0
1735,foysavas,9,0,0,0,0,0,0,0.111,0.222,0,0,0,0,0.556,0,0,0,0.111
1736,rgallion,4,0,0,0.25,0,0,0,0,0.75,0,0,0,0,0,0,0,0,0
1739,brentp,9,0,0.444,0.111,0,0,0.111,0,0,0,0,0,0.333,0,0,0,0,0
1742,kana,7,0,0,0,0,0,0,0,0.571,0,0,0,0,0.143,0,0.143,0,0.143
1743,ozamosi,6,0,0.5,0,0,0,0,0,0.167,0,0,0,0.333,0,0,0,0,0
1744,RyanSpeaking,4,0,0,0.25,0,0,0,0.25,0.25,0,0,0,0.25,0,0,0,0,0
1746,scttymn,8,0,0,0,0,0,0,0,0.625,0,0,0.125,0.125,0,0,0,0,0.125
1747,hjanetzek,12,0,0.25,0.5,0,0,0,0.167,0,0,0,0,0.083,0,0,0,0,0
1748,reybango,8,0,0,0,0,0,0,0,0.625,0,0,0,0.125,0.125,0,0,0,0.125
1749,mdk,5,0,0.2,0.2,0.2,0,0,0,0.2,0,0,0,0,0.2,0,0,0,0
1750,thijs,4,0,0.25,0.25,0,0,0,0,0.25,0,0,0,0,0.25,0,0,0,0
1752,bretthoerner,10,0,0.1,0.3,0,0,0,0.2,0,0,0,0,0.3,0.1,0,0,0,0
1753,zsx,23,0,0.826,0.043,0,0,0,0.043,0,0,0,0,0.043,0,0.043,0,0,0
1754,Olli,10,0,0,0.1,0,0,0,0,0.1,0,0,0.3,0,0.5,0,0,0,0
1756,StFS,5,0,0,0,0,0,0,0.6,0,0,0,0,0,0.2,0,0,0,0.2
1758,pdsull,3,0,0,0,0,0,0,0,0.667,0,0,0,0,0.333,0,0,0,0
1761,enquora,3,0,0.333,0,0,0,0,0,0.333,0,0,0,0,0.333,0,0,0,0
1762,andrewn,6,0,0,0,0,0,0,0,0.5,0,0,0,0,0.167,0,0,0.167,0.167
1763,charlie,3,0,0,0,0,0,0.333,0,0.333,0,0,0,0,0.333,0,0,0,0
1764,voidfiles,13,0,0,0,0,0,0,0,0.615,0,0,0.077,0.308,0,0,0,0,0
1767,jkochis,7,0,0.143,0,0,0,0,0,0.429,0,0,0,0.429,0,0,0,0,0
1769,justin-rich,7,0,0,0,0,0,0,0,0.286,0,0,0,0.143,0.571,0,0,0,0
1771,niryariv,6,0,0,0,0,0,0,0,0.667,0,0,0.167,0,0.167,0,0,0,0
1772,seancribbs,3,0,0,0,0,0,0,0,0.333,0,0,0,0,0.667,0,0,0,0
1773,SpaceCadetEve,4,0.25,0.5,0,0,0,0,0,0.25,0,0,0,0,0,0,0,0,0
1776,bronson,4,0,0,0,0,0,0,0,0.5,0,0,0,0,0.5,0,0,0,0
1777,cowsandmilk,6,0,0,0.167,0,0,0,0.167,0,0,0,0,0.167,0.5,0,0,0,0
1778,sporkmonger,8,0,0,0,0.125,0,0.25,0,0.125,0,0,0,0,0.375,0,0,0,0.125
1779,dustin,3,0,0.333,0,0,0,0,0,0,0,0,0,0.667,0,0,0,0,0
1780,infused,6,0,0,0,0,0,0,0,0.167,0,0,0.333,0.167,0.333,0,0,0,0
1781,jameydavis,4,0,0,0,0.25,0,0,0,0.5,0,0,0,0,0,0,0,0.25,0
1782,ogyr,6,0,0,0,0,0,0,0.167,0.167,0,0,0.667,0,0,0,0,0,0
1785,shadoi,4,0,0,0,0,0,0.25,0,0,0,0,0,0,0.75,0,0,0,0
1786,akwala,9,0,0,0.333,0,0,0,0.222,0.222,0,0,0,0.111,0,0,0,0,0.111
1788,brendanlim,6,0,0,0,0,0,0,0,0.667,0,0,0,0.167,0.167,0,0,0,0
1789,nathansobo,3,0,0,0,0,0,0,0,0.667,0,0,0,0,0.333,0,0,0,0
1790,dbrown,3,0,0,0,0,0,0,0,0,0,0,0,0.333,0.667,0,0,0,0
1791,jon,12,0,0.333,0.083,0,0,0.5,0,0,0,0,0,0,0,0.083,0,0,0
1794,neh,4,0,0.25,0.25,0,0,0,0,0,0,0,0,0.25,0.25,0,0,0,0
1795,thecodedrift,13,0,0,0,0,0,0,0,0.462,0,0,0,0,0.077,0,0,0,0.462
1796,teej,7,0,0,0.143,0,0,0,0.143,0.143,0,0,0,0.429,0.143,0,0,0,0
1797,codemac,5,0,0,0,0,0,0.4,0,0,0,0,0,0.6,0,0,0,0,0
1798,kimj,6,0,0,0,0,0,0,0.833,0.167,0,0,0,0,0,0,0,0,0
1799,mattgrayson,9,0,0,0,0.333,0,0,0,0.111,0,0,0,0.333,0.222,0,0,0,0
1802,aivarannamaa,8,0,0,0,0,0,0,0,0.125,0,0,0,0.875,0,0,0,0,0
1803,ruediger,5,0,0,0.2,0,0,0.2,0,0.2,0,0,0,0.4,0,0,0,0,0
1804,potatosalad,10,0,0.1,0,0,0,0.1,0,0.1,0,0,0,0,0.7,0,0,0,0
1805,xentac,10,0,0.2,0,0,0,0,0,0.2,0,0,0,0.5,0.1,0,0,0,0
1807,robins,6,0,0.333,0.167,0,0,0.167,0,0,0,0,0,0.167,0,0.167,0,0,0
1809,krobertson,6,0,0,0,0,0,0,0,0.167,0,0,0,0.167,0.667,0,0,0,0
1810,duonoid,4,0,0,0,0,0,0,0,0.25,0,0,0,0,0.75,0,0,0,0
1812,blake,6,0,0.167,0.167,0,0,0.5,0,0,0,0,0,0.167,0,0,0,0,0
1815,stephane,7,0,0.286,0,0,0,0,0,0,0,0,0,0.571,0,0,0,0,0.143
1817,jish,7,0,0,0,0,0,0,0.143,0.429,0,0,0,0,0.429,0,0,0,0
1819,cj,8,0,0,0,0,0,0,0,0.375,0,0,0.125,0,0.5,0,0,0,0
1822,sgraham,9,0,0.111,0.667,0,0,0,0,0.111,0,0,0,0.111,0,0,0,0,0
1823,benaskins,3,0,0,0,0,0,0,0,0.333,0,0,0,0,0.667,0,0,0,0
1824,wrl,7,0,0.571,0,0,0,0,0,0,0,0,0,0,0,0.429,0,0,0
1826,pointcom,8,0,0,0,0,0,0,0,0,0,0,0,0,1,0,0,0,0
1829,jfontan,4,0,0,0,0,0,0.75,0,0,0,0,0,0,0.25,0,0,0,0
1832,nyxwulf,11,0,0,0,0,0,0.636,0,0.182,0,0,0,0,0.182,0,0,0,0
1833,cicloid,10,0,0,0,0,0,0,0,0.2,0,0,0,0,0.8,0,0,0,0
1835,florolf,6,0,0.5,0.167,0,0,0,0,0.167,0,0,0,0.167,0,0,0,0,0
1836,PhillipTaylor,8,0,0.125,0.125,0,0,0,0.25,0.125,0,0,0,0.25,0,0,0.125,0,0
1837,bmabey,6,0,0,0,0,0,0,0.167,0.333,0,0,0,0.333,0.167,0,0,0,0
1838,barbieri,7,0,0.143,0,0,0,0,0,0.286,0,0,0,0.286,0,0,0,0,0.286
1839,chriseppstein,8,0,0,0,0,0,0,0,0.125,0,0,0,0,0.875,0,0,0,0
1844,ryanlowe,6,0,0,0,0,0,0,0,0,0,0,0,0,1,0,0,0,0
1845,seflless,15,0,0,0,0,0,0,0.067,0.733,0,0,0,0,0,0,0,0,0.2
1846,ayman,3,0,0.333,0,0,0,0,0,0.333,0,0,0,0,0,0,0,0.333,0
1850,mspang,3,0,0.333,0.667,0,0,0,0,0,0,0,0,0,0,0,0,0,0
1851,stantont,4,0,0,0,0,0,0,0,0.75,0,0,0,0,0.25,0,0,0,0
1852,PhilAndrew,12,0,0.083,0,0,0,0,0.333,0.333,0,0,0,0.083,0,0,0.083,0,0.083
1858,jamesakers,10,0,0,0,0,0,0,0,0.5,0,0,0,0,0.5,0,0,0,0
1859,dyoder,7,0,0,0,0,0,0,0,0.571,0,0,0,0,0.429,0,0,0,0
1860,wishdev,9,0,0,0,0,0,0,0,0,0,0,0,0.222,0.778,0,0,0,0
1862,hqm,6,0,0,0,0,0,0.167,0.333,0.167,0,0,0,0,0.167,0,0,0,0.167
1864,rahult,7,0,0,0,0,0,0,0,0.857,0,0,0,0,0.143,0,0,0,0
1865,ctrochalakis,17,0,0.353,0,0,0,0.118,0.118,0.059,0,0,0.059,0.059,0.235,0,0,0,0
1866,treejamie,5,0,0,0,0,0,0.2,0,0.4,0,0,0,0.2,0,0,0,0,0.2
1868,stilkov,6,0,0,0,0,0,0,0.167,0.333,0,0,0,0,0.5,0,0,0,0
1869,chollier,14,0,0,0,0,0,0,0,0.5,0,0,0,0,0.286,0,0,0,0.214
1870,seanohalpin,12,0,0.25,0,0,0,0.083,0,0.417,0,0,0,0,0.25,0,0,0,0
1875,pingswept,6,0,0,0.167,0,0,0,0,0.5,0,0,0,0.333,0,0,0,0,0
1876,svesely,3,0,0.333,0,0,0,0,0,0,0,0,0,0,0.667,0,0,0,0
1877,thetoine,14,0,0,0,0,0,0,0,0.357,0,0,0.214,0.143,0.286,0,0,0,0
1878,pilt,6,0,0,0.167,0,0,0,0.167,0.333,0,0,0,0.333,0,0,0,0,0
1880,vito,4,0,0,0,0,0,0.75,0,0,0,0,0,0,0.25,0,0,0,0
1882,VxJasonxV,3,0,0,0,0,0,0,0,0.667,0,0,0,0.333,0,0,0,0,0
1883,michaeltaras,3,0,0,0,0,0,0,0,0,0,0,0,0,0.667,0.333,0,0,0
1890,benjuang,6,0,0,0,0,0,0,0,0.833,0,0,0,0,0,0,0,0,0.167
1891,stephdau,3,0,0,0,0,0,0,0,0.333,0,0,0.667,0,0,0,0,0,0
1894,gbraad,12,0,0.25,0,0,0,0.083,0,0.083,0,0,0,0.5,0.083,0,0,0,0
1896,bartTC,4,0,0,0,0,0,0,0,0,0,0,0,0.75,0,0.25,0,0,0
1898,caio,8,0,0,0.125,0,0,0.125,0.125,0.125,0,0,0,0.125,0,0.375,0,0,0
1899,dennis,5,0,0,0.2,0.2,0,0,0,0.2,0,0,0.2,0,0,0.2,0,0,0
1900,asb,10,0,0.6,0,0,0,0,0,0,0,0,0,0.4,0,0,0,0,0
1901,heimidal,11,0,0,0,0,0,0,0,0.182,0,0,0,0,0.818,0,0,0,0
1902,since1968,4,0,0,0,0.25,0,0,0,0.25,0,0,0,0.5,0,0,0,0,0
1903,jamiew,5,0,0,0,0,0,0,0,0.2,0,0,0.2,0,0.6,0,0,0,0
1904,tessro,12,0,0,0.25,0,0,0.083,0,0.25,0,0,0,0,0.083,0,0,0,0.333
1905,kassoulet,7,0,0.571,0.143,0,0,0,0,0,0,0,0,0.286,0,0,0,0,0
1906,mikeocool,8,0,0.125,0,0,0,0.125,0,0.375,0,0,0,0.375,0,0,0,0,0
1907,sabman,6,0,0,0,0,0,0,0,0.5,0,0,0,0.167,0.333,0,0,0,0
1908,rubyisbeautiful,5,0,0.2,0,0,0,0,0,0.4,0,0,0,0,0.4,0,0,0,0
1914,mhw,8,0,0.125,0,0.125,0,0,0,0.125,0,0,0,0.125,0.5,0,0,0,0
1917,bisho,10,0,0.4,0,0,0,0,0.1,0.1,0,0,0,0.4,0,0,0,0,0
1918,danderson,10,0,0.1,0,0,0,0.6,0.1,0,0,0,0,0.2,0,0,0,0,0
1919,bobuk,3,0,0,0,0,0,0,0,0.333,0,0,0,0.333,0,0.333,0,0,0
1920,defeated,3,0,0,0,0,0,0,0,0.667,0,0,0,0,0.333,0,0,0,0
1923,lethain,3,0,0,0,0,0,0,0,0,0,0,0,1,0,0,0,0,0
1926,markryall,3,0,0,0,0,0,0,0,0.333,0,0,0,0,0.667,0,0,0,0
1929,ceball,9,0,0.111,0.111,0,0,0,0,0,0,0,0,0.778,0,0,0,0,0
1930,kbrock,6,0,0,0,0,0,0,0,0,0,0,0,0,1,0,0,0,0
1932,thelema,4,0,0.25,0.75,0,0,0,0,0,0,0,0,0,0,0,0,0,0
1933,metavida,3,0,0,0,0,0,0,0,0.667,0,0,0,0,0.333,0,0,0,0
1934,dglazkov,3,0,0,0,0,0,0,0,0.333,0,0,0,0.667,0,0,0,0,0
1938,eventualbuddha,3,0,0,0,0,0,0,0,0,0,0,0,0,0,0,0,0,1
1941,azabaj,3,0,0,0,0,0,0,0,0.667,0,0,0,0,0.333,0,0,0,0
1944,philippamarkovics,3,0,0,0,0,0,0,0,1,0,0,0,0,0,0,0,0,0
1945,casey,9,0,0,0.111,0,0,0,0,0.111,0,0,0,0.111,0,0.667,0,0,0
1946,herrtreas,8,0,0,0,0,0,0.125,0,0,0,0,0,0,0.875,0,0,0,0
1948,code-later,5,0,0,0,0,0,0,0,0,0,0,0,0,1,0,0,0,0
1949,mdinacci,7,0,0,0.143,0,0,0,0.143,0,0,0,0,0.429,0.286,0,0,0,0
1952,fastman,8,0,0,0,0,0,0,0,0.75,0,0,0,0,0.125,0,0,0,0.125
1956,blj,6,0,0,0,0,0,0.167,0,0,0,0,0,0,0.833,0,0,0,0
1958,fitzage,5,0,0,0,0,0,0,0,1,0,0,0,0,0,0,0,0,0
1960,funkatron,9,0,0,0,0,0,0,0,0.667,0,0,0.222,0.111,0,0,0,0,0
1963,rphillips,14,0,0,0,0,0,0.857,0.071,0,0,0,0,0.071,0,0,0,0,0
1968,pfeilbr,3,0,0,0.333,0,0,0,0,0.667,0,0,0,0,0,0,0,0,0
1969,goldenmeanie,3,0,0,0,0,0,0,0,0.667,0,0,0,0.333,0,0,0,0,0
1970,mgrajcarek,4,0,0,0,0,0,0,0,0.25,0,0,0.75,0,0,0,0,0,0
1971,davidjrice,7,0,0,0,0,0,0,0,0.286,0,0,0,0,0.714,0,0,0,0
1973,will,4,0,0,0,0,0,0,0,0,0,0,0,0,1,0,0,0,0
1974,infininight,4,0,0,0,0,0,0,0,0.5,0,0,0,0,0.5,0,0,0,0
1976,sqs,5,0,0.2,0,0,0,0.4,0.2,0.2,0,0,0,0,0,0,0,0,0
1977,mjc,9,0,0,0,0,0,0,0,0,0,0,0,0,1,0,0,0,0
1979,jonleighton,8,0,0.125,0,0,0,0,0,0.375,0,0,0,0.125,0.375,0,0,0,0
1981,clim,5,0,0,0,0,0,0,0.6,0.4,0,0,0,0,0,0,0,0,0
1982,markjeee,8,0,0.125,0,0,0,0,0,0,0,0,0,0,0.875,0,0,0,0
1983,jjonphl,4,0,0.25,0.5,0,0,0,0,0.25,0,0,0,0,0,0,0,0,0
1989,jordanfowler,10,0,0,0,0,0,0.1,0.2,0.3,0,0,0,0,0.4,0,0,0,0
1990,davidolrik,6,0,0,0,0,0,0.167,0,0,0,0,0.167,0.167,0.333,0.167,0,0,0
1993,aurelijus,9,0,0,0.111,0,0,0,0.111,0.111,0,0,0.556,0,0.111,0,0,0,0
1994,kavu,9,0,0.111,0,0,0,0.111,0,0.333,0,0,0,0.111,0.222,0,0,0,0.111
1995,kaiw,7,0,0.143,0,0,0,0,0,0,0,0,0,0.857,0,0,0,0,0
1996,kabturek,12,0,0.083,0,0,0,0,0,0.25,0,0,0,0.167,0.5,0,0,0,0
1999,christophsturm,3,0,0,0,0,0,0,0.333,0,0.333,0,0,0,0,0,0,0,0.333
2000,pablopr,4,0,0,0,0,0,0,0.25,0.25,0,0,0,0,0.25,0,0,0,0.25
2001,countjocular,12,0,0,0.083,0,0,0,0.167,0.25,0,0,0.083,0.167,0.167,0,0,0,0.083
2005,kbaird,3,0,0,0,0,0,0,0,0.333,0,0,0,0,0.667,0,0,0,0
2007,michel,7,0,0,0,0,0,0,0.143,0.429,0,0,0,0,0.429,0,0,0,0
2008,peter,4,0,0,0,0,0,0,0,0.75,0,0,0,0,0.25,0,0,0,0
2009,magagnon,13,0,0.077,0,0,0,0,0,0.308,0,0,0,0,0.615,0,0,0,0
2010,colinsurprenant,10,0,0,0,0,0,0.1,0.1,0.1,0,0,0,0,0.7,0,0,0,0
2011,Pawka,8,0,0,0.125,0,0,0.125,0,0.125,0,0,0.5,0,0.125,0,0,0,0
2015,sroske,11,0,0.364,0.182,0.182,0,0,0,0.091,0,0,0,0,0,0,0,0,0.182
2016,tammersaleh,7,0,0,0,0,0,0.714,0,0.143,0,0,0,0,0.143,0,0,0,0
2019,bricolage,3,0,0,0,0,0,0,0,0,0,0,0,0,1,0,0,0,0
2020,dastels,3,0,0.333,0,0,0,0,0,0,0,0,0,0.667,0,0,0,0,0
2021,siebertm,10,0,0,0,0,0,0,0,0.6,0,0,0,0,0.4,0,0,0,0
2022,jclarke,3,0,0,0,0,0,0,0,0.333,0,0,0,0,0.667,0,0,0,0
2023,bantic,8,0,0,0,0,0,0,0,1,0,0,0,0,0,0,0,0,0
2024,jsa,4,0,0.25,0.25,0,0,0,0,0.25,0,0,0,0.25,0,0,0,0,0
2025,jonpierce,8,0,0.125,0,0,0,0,0,0.5,0,0,0,0,0.375,0,0,0,0
2026,gregnewman,7,0,0,0,0,0,0,0,0.286,0,0,0,0.714,0,0,0,0,0
2027,zeenix,7,0,0,0,0,0,0.286,0,0,0,0,0,0,0,0.714,0,0,0
2028,lstep,6,0,0,0.167,0,0,0.667,0,0.167,0,0,0,0,0,0,0,0,0
2029,garethr,5,0,0,0,0.2,0,0.2,0,0,0,0,0,0.2,0.4,0,0,0,0
2030,ruphy,6,0,0,0.667,0,0,0,0,0.167,0,0,0,0.167,0,0,0,0,0
2031,whomwah,10,0,0,0,0,0,0,0,0.1,0,0,0,0,0.6,0,0,0,0.3
2033,billm,6,0,0.5,0,0,0,0,0.167,0.167,0,0,0,0.167,0,0,0,0,0
2034,dmeiz,8,0,0,0,0,0,0,0,0,0,0,0,0,1,0,0,0,0
2035,carlosbrando,10,0,0,0,0,0,0.1,0,0.1,0,0,0,0,0.8,0,0,0,0
2037,fairchild,4,0,0,0,0,0,0,0,0.25,0,0,0,0,0.75,0,0,0,0
2038,eduardo,5,0,0,0,0,0,0,0,0.2,0,0,0,0,0.8,0,0,0,0
2040,gicmo,8,0,0.375,0.125,0,0,0,0.25,0.125,0,0,0,0.125,0,0,0,0,0
2041,bratsche,5,0,0,0.2,0.2,0,0,0,0,0,0,0,0.2,0.4,0,0,0,0
2042,btaylor,9,0,0.111,0.111,0,0,0,0,0.444,0,0,0,0,0.333,0,0,0,0
2044,harrisj,11,0,0,0,0,0,0,0.091,0.182,0,0,0,0.182,0.545,0,0,0,0
